{"cameraMode":{"drawMode":0,"name":"Shaded","section":"Shading Mode"},"sceneLighting":true,"audioPlay":false,"sceneViewState":{"showFog":true,"showMaterialUpdate":false,"showSkybox":true,"showFlares":true,"showImageEffects":true,"showParticleSystems":true},"in2DMode":false,"pivot":{"x":-16.53498077392578,"y":-7.101308822631836,"z":-5.796359062194824},"rotation":{"x":0.12817703187465669,"y":-0.8543041944503784,"z":0.25059419870376589,"w":0.43696409463882449},"size":44.12281036376953,"orthographic":false}