{"cameraMode":{"drawMode":0,"name":"Shaded","section":"Shading Mode"},"sceneLighting":true,"audioPlay":false,"sceneViewState":{"showFog":true,"showMaterialUpdate":false,"showSkybox":true,"showFlares":true,"showImageEffects":true,"showParticleSystems":true},"in2DMode":false,"pivot":{"x":23.495046615600587,"y":1.5882816314697266,"z":-20.0203857421875},"rotation":{"x":-0.1463613361120224,"y":-0.8511124849319458,"z":0.31922832131385805,"w":-0.3902297616004944},"size":31.801164627075197,"orthographic":false}