{"cameraMode":{"drawMode":0,"name":"Shaded","section":"Shading Mode"},"sceneLighting":false,"audioPlay":false,"sceneViewState":{"showFog":true,"showMaterialUpdate":false,"showSkybox":false,"showFlares":true,"showImageEffects":true,"showParticleSystems":true},"in2DMode":false,"pivot":{"x":17.530349731445314,"y":-2.5526809692382814,"z":-19.821552276611329},"rotation":{"x":0.1792631447315216,"y":0.21643176674842835,"z":-0.0404638834297657,"w":0.9588454961776733},"size":41.94645690917969,"orthographic":false}